Mean_Score,Std_Score,C,gamma,kernel,split0_test_score,split1_test_score,split2_test_score,split3_test_score,split4_test_score
0.5758225931199702,0.005547711333846503,10,0.01,rbf,0.5795550549141087,0.5694170656153196,0.5814084507042253,0.5687323943661972,0.58
0.5751467113013196,0.0033126038403182177,10,0.001,rbf,0.5758941143339904,0.5699802872430302,0.58,0.5763380281690141,0.5735211267605633
0.5739638665561377,0.005255886816547379,1,0.01,rbf,0.5753308927062799,0.5660377358490566,0.5822535211267605,0.571830985915493,0.5743661971830986
0.5724994744586924,0.0050949201568175045,1,0.001,rbf,0.5696986764291749,0.5646296817797803,0.5769014084507043,0.5788732394366197,0.5723943661971831
0.5684995537856823,0.004508581476688717,1,0.1,rbf,0.5713883413123064,0.5615319628273726,0.5738028169014084,0.5707042253521126,0.5650704225352112
0.5312645753427918,0.010709253872436158,10,0.1,rbf,0.5398479301605181,0.513939735285835,0.5332394366197183,0.543943661971831,0.5253521126760563
